聚类种类,中心值_氧化钠(Na2O),中心值_氧化钾(K2O),中心值_氧化钙(CaO),中心值_氧化铝(Al2O3),中心值_氧化铁(Fe2O3),中心值_氧化铜(CuO),中心值_五氧化二磷(P2O5)
1,0.572,11.102,7.072,5.906000000000001,2.292,3.8280000000000003,0.974
2,5.551115123125783e-17,0.4657142857142871,1.418571428571429,2.5385714285714287,0.5657142857142858,1.8071428571428572,0.39714285714285724
3,0.0,7.525,2.705,10.600000000000001,4.215,2.3449999999999998,4.34
4,0.0,7.305,1.005,3.5549999999999997,0.0,0.3900000000000001,1.01
5,2.7399999999999998,13.399999999999999,8.25,7.705,0.45999999999999996,0.77,0.08000000000000007
