,聚类种类,中心值_氧化钠(Na2O),中心值_氧化钙(CaO),中心值_氧化铁(Fe2O3),中心值_氧化铅(PbO),中心值_氧化钡(BaO),中心值_五氧化二磷(P2O5),中心值_氧化锡(SnO2)
0,1,0.2190909090909089,2.8800000000000003,0.865,47.338181818181816,8.007272727272728,4.900909090909091,0.059545454545454554
1,2,1.7954545454545454,1.25,0.5959090909090909,20.134090909090904,8.276818181818182,1.5027272727272727,0.07
2,3,0.0,1.918,0.0,29.944000000000003,31.156000000000002,4.092,0.0
